Country Name,Country Code,Indicator Name,Indicator Code,1960,1961,1962,1963,1964,1965,1966,1967,1968,1969,1970,1971,1972,1973,1974,1975,1976,1977,1978,1979,1980,1981,1982,1983,1984,1985,1986,1987,1988,1989,1990,1991,1992,1993,1994,1995,1996,1997,1998,1999,2000,2001,2002,2003,2004,2005,2006,2007,2008,2009,2010,2011,2012,2013,2014,2015,2016,2017,2018,2019,2020,2021,2022,2023
Aruba,ABW,"Listed domestic companies, total",CM.MKT.LDOM.NO,,,,,,,,,,,,,,,,,,,,,,,,,,,,,,,,,,,,,,,,,,,,,,,,,,,,,,,,,,,,,,,,
Africa Eastern and Southern,AFE,"Listed domestic companies, total",CM.MKT.LDOM.NO,,,,,,,,,,,,,,,,,,,,,,,,,,,,,,,,,,755,753,789,783,801,849,805,737,629,,,472,,,,,,,,,,,,,,,,,,,
Afghanistan,AFG,"Listed domestic companies, total",CM.MKT.LDOM.NO,,,,,,,,,,,,,,,,,,,,,,,,,,,,,,,,,,,,,,,,,,,,,,,,,,,,,,,,,,,,,,,,
Africa Western and Central,AFW,"Listed domestic companies, total",CM.MKT.LDOM.NO,,,,,,,,,,,,,,,,,,,,,,,,,,,,,,,,,,,224,231,235,203,242,,,,,,,281,270,278,281,283,285,264,255,254,226,222,,,,259,254,,,
Angola,AGO,"Listed domestic companies, total",CM.MKT.LDOM.NO,,,,,,,,,,,,,,,,,,,,,,,,,,,,,,,,,,,,,,,,,,,,,,,,,,,,,,,,,,,,,,,,
Albania,ALB,"Listed domestic companies, total",CM.MKT.LDOM.NO,,,,,,,,,,,,,,,,,,,,,,,,,,,,,,,,,,,,,,,,,,,,,,,,,,,,,,,,,,,,,,,,
Andorra,AND,"Listed domestic companies, total",CM.MKT.LDOM.NO,,,,,,,,,,,,,,,,,,,,,,,,,,,,,,,,,,,,,,,,,,,,,,,,,,,,,,,,,,,,,,,,
Arab World,ARB,"Listed domestic companies, total",CM.MKT.LDOM.NO,,,,,,,,,,,,,,,,,,,,,,,,,,,,,,,,,,,,,,,,,,,,1506,1598,,,,,,,1338,1333,1355,1184,1188,1187,1172,1189,1349,1283,1302,1336,
United Arab Emirates,ARE,"Listed domestic companies, total",CM.MKT.LDOM.NO,,,,,,,,,,,,,,,,,,,,,,,,,,,,,,,,,,,,,,,,,,,,28,32,55,55,60,103,104,104,108,107,117,120,125,125,127,130,130,130,143,153,
Argentina,ARG,"Listed domestic companies, total",CM.MKT.LDOM.NO,,,,,,,,,,,,,,,,321,308,302,295,295,277,262,247,237,235,226,216,205,193,183,178,169,170,165,156,149,147,136,131,125,122,116,110,106,103,100,101,106,107,101,101,99,101,97,95,93,93,96,93,91,91,85,,
Armenia,ARM,"Listed domestic companies, total",CM.MKT.LDOM.NO,,,,,,,,,,,,,,,,,,,,,,,,,,,,,,,,,,,,,,,,,,,,,,,,,,,,,,,,,,,10,10,11,10,12,
American Samoa,ASM,"Listed domestic companies, total",CM.MKT.LDOM.NO,,,,,,,,,,,,,,,,,,,,,,,,,,,,,,,,,,,,,,,,,,,,,,,,,,,,,,,,,,,,,,,,
Antigua and Barbuda,ATG,"Listed domestic companies, total",CM.MKT.LDOM.NO,,,,,,,,,,,,,,,,,,,,,,,,,,,,,,,,,,,,,,,,,,,,,,,,,,,,,,,,,,,,,,,,
Australia,AUS,"Listed domestic companies, total",CM.MKT.LDOM.NO,,,,,,,,,,,,,,,,1319,1229,1185,1116,1011,1007,982,931,930,1009,1028,1162,1427,1393,1258,1089,968,1038,1070,1144,1129,1135,1159,1162,1217,1333,1334,1355,1405,1514,1643,1751,1913,1924,1882,1913,1983,1959,1955,1967,1989,1969,2013,2004,1952,1902,1977,1976,
Austria,AUT,"Listed domestic companies, total",CM.MKT.LDOM.NO,,,,,,,,,,,,,,,,76,74,71,68,67,66,63,62,62,63,64,74,75,80,87,99,103,112,111,111,109,106,101,96,97,97,99,109,104,100,92,96,102,101,97,89,88,84,82,82,79,71,67,67,71,68,69,66,
Azerbaijan,AZE,"Listed domestic companies, total",CM.MKT.LDOM.NO,,,,,,,,,,,,,,,,,,,,,,,,,,,,,,,,,,,,,,1,2,2,,,,,,,,,,,,,,,,,,,,951,13,28,29,
Burundi,BDI,"Listed domestic companies, total",CM.MKT.LDOM.NO,,,,,,,,,,,,,,,,,,,,,,,,,,,,,,,,,,,,,,,,,,,,,,,,,,,,,,,,,,,,,,,,
Belgium,BEL,"Listed domestic companies, total",CM.MKT.LDOM.NO,,,,,,,,,,,,,,,,290,277,253,239,231,225,218,212,204,197,192,191,192,186,190,182,183,171,165,162,150,143,138,156,159,161,159,148,145,141,138,137,135,131,128,124,120,118,117,113,117,,,,,,,,
Benin,BEN,"Listed domestic companies, total",CM.MKT.LDOM.NO,,,,,,,,,,,,,,,,,,,,,,,,,,,,,,,,,,,,,,,,,,,,,,,,,,,,,,,,,,,,,,,,
Burkina Faso,BFA,"Listed domestic companies, total",CM.MKT.LDOM.NO,,,,,,,,,,,,,,,,,,,,,,,,,,,,,,,,,,,,,,,,,,,,,,,,,,,,,,,,,,,,,,,,
Bangladesh,BGD,"Listed domestic companies, total",CM.MKT.LDOM.NO,,,,,,,,,,,,,,,,,,,,,,,,,,,,,,,,,,143,157,231,302,341,355,348,364,163,,,185,195,199,211,221,197,192,433,453,481,517,543,557,572,593,611,628,660,354,
Bulgaria,BGR,"Listed domestic companies, total",CM.MKT.LDOM.NO,,,,,,,,,,,,,,,,,,,,,,,,,,,,,,,,,,8,13,15,9,0,18,28,23,404,351,326,332,331,347,369,404,398,390,393,387,381,372,365,354,,274,262,259,206,201,
Bahrain,BHR,"Listed domestic companies, total",CM.MKT.LDOM.NO,,,,,,,,,,,,,,,,,,,,,,,,,,,,,,,,,,,,35,35,38,38,37,36,36,,38,38,40,43,44,45,44,44,44,43,43,44,44,43,42,43,43,42,41,41,
"Bahamas, The",BHS,"Listed domestic companies, total",CM.MKT.LDOM.NO,,,,,,,,,,,,,,,,,,,,,,,,,,,,,,,,,,,,,,,,,,,,,,,,,,,,,,,,,,,,,,,,
Bosnia and Herzegovina,BIH,"Listed domestic companies, total",CM.MKT.LDOM.NO,,,,,,,,,,,,,,,,,,,,,,,,,,,,,,,,,,,,,,,,,,,,,,,,,,,,,,,,,,,,,,,,
Belarus,BLR,"Listed domestic companies, total",CM.MKT.LDOM.NO,,,,,,,,,,,,,,,,,,,,,,,,,,,,,,,,,,,,,,,,,,,,,,,,,,,,,,,67,62,55,,,,12,14,14,
Belize,BLZ,"Listed domestic companies, total",CM.MKT.LDOM.NO,,,,,,,,,,,,,,,,,,,,,,,,,,,,,,,,,,,,,,,,,,,,,,,,,,,,,,,,,,,,,,,,
Bermuda,BMU,"Listed domestic companies, total",CM.MKT.LDOM.NO,,,,,,,,,,,,,,,,,,,,,,,,,,,,,,,,,,,,28,27,26,25,22,22,22,22,22,21,19,16,16,16,16,14,13,13,13,14,14,13,13,13,13,12,11,10,
Bolivia,BOL,"Listed domestic companies, total",CM.MKT.LDOM.NO,,,,,,,,,,,,,,,,,,,,,,,,,,,,,,,,,,,,,,,,,,,,,,,,,,,,,,,,,,,,,,,,
Brazil,BRA,"Listed domestic companies, total",CM.MKT.LDOM.NO,,,,,,,,,,,,,,,,,,,,404,426,477,478,505,522,541,592,590,589,592,579,570,565,550,548,543,550,544,527,478,457,426,396,367,357,342,347,395,383,377,373,366,353,352,351,345,338,335,334,324,345,381,361,
Barbados,BRB,"Listed domestic companies, total",CM.MKT.LDOM.NO,,,,,,,,,,,,,,,,,,,,,,,,,,,,,,,,,,16,19,18,19,18,18,18,22,20,22,22,21,19,16,16,16,16,21,20,19,17,22,20,19,17,16,16,15,,,
Brunei Darussalam,BRN,"Listed domestic companies, total",CM.MKT.LDOM.NO,,,,,,,,,,,,,,,,,,,,,,,,,,,,,,,,,,,,,,,,,,,,,,,,,,,,,,,,,,,,,,,,
Bhutan,BTN,"Listed domestic companies, total",CM.MKT.LDOM.NO,,,,,,,,,,,,,,,,,,,,,,,,,,,,,,,,,,,,,,,,,,,,,,,,,,,,,,,,,,,,,,,,
Botswana,BWA,"Listed domestic companies, total",CM.MKT.LDOM.NO,,,,,,,,,,,,,,,,,,,,,,,,,,,,,,,,,,9,10,12,12,12,14,15,16,,,,,,,,,,,,,,,,,24,26,25,24,23,23,
Central African Republic,CAF,"Listed domestic companies, total",CM.MKT.LDOM.NO,,,,,,,,,,,,,,,,,,,,,,,,,,,,,,,,,,,,,,,,,,,,,,,,,,,,,,,,,,,,,,,,
Canada,CAN,"Listed domestic companies, total",CM.MKT.LDOM.NO,,,,,,,,,,,,,,,,1488,1381,1304,1188,1134,1124,1167,1146,1208,1303,1383,1656,1861,1856,1813,1763,1649,1605,1673,1747,1736,1801,1907,1956,1538,1507,1278,1252,3578,3597,3719,3790,3881,3755,3624,3654,3845,3874,3810,3691,3501,3368,3278,3330,3358,3922,3455,3534,
Central Europe and the Baltics,CEB,"Listed domestic companies, total",CM.MKT.LDOM.NO,,,,,,,,,,,,,,,,,,,,,,,,,,,,,,,,,,88,191,291,382,572,789,849,827,1144,1040,1073,992,991,1178,1433,1522,1448,1499,1740,1717,1710,1630,1611,1540,1178,1399,1350,1318,1267,1256,
Switzerland,CHE,"Listed domestic companies, total",CM.MKT.LDOM.NO,,,,,,,,,,,,,,,,104,106,116,116,117,118,121,119,120,121,131,145,153,161,177,182,182,180,215,216,216,213,216,232,239,252,263,258,289,282,284,256,257,253,257,246,246,238,236,240,234,227,228,236,237,220,220,,
Channel Islands,CHI,"Listed domestic companies, total",CM.MKT.LDOM.NO,,,,,,,,,,,,,,,,,,,,,,,,,,,,,,,,,,,,,,,1,1,1,3,2,2,1,5,11,1,,,,,,,,,,,,,,,,
Chile,CHL,"Listed domestic companies, total",CM.MKT.LDOM.NO,,,,,,,,,,,,,,,,,,,,,,,,,208,215,215,211,203,213,216,223,244,263,281,282,290,294,287,282,260,249,245,239,239,245,244,238,235,232,227,229,225,227,230,223,214,212,205,410,401,402,400,
China,CHN,"Listed domestic companies, total",CM.MKT.LDOM.NO,,,,,,,,,,,,,,,,,,,,,,,,,,,,,,,,,,,,323,524,799,909,947,1086,1154,1223,1285,1373,1377,1421,1530,1604,1700,2063,2342,2494,2489,2613,2827,3052,3485,3584,12730,12341,11629,11497,
Cote d'Ivoire,CIV,"Listed domestic companies, total",CM.MKT.LDOM.NO,,,,,,,,,,,,,,,,,,,,,,,,,,,,,,,,,,30,30,31,31,,35,38,41,38,38,39,39,39,40,38,38,38,39,39,37,37,38,39,43,45,45,46,46,,,
Cameroon,CMR,"Listed domestic companies, total",CM.MKT.LDOM.NO,,,,,,,,,,,,,,,,,,,,,,,,,,,,,,,,,,,,,,,,,,,,,,,,,,,,,,,,,,,,,,,,
"Congo, Dem. Rep.",COD,"Listed domestic companies, total",CM.MKT.LDOM.NO,,,,,,,,,,,,,,,,,,,,,,,,,,,,,,,,,,,,,,,,,,,,,,,,,,,,,,,,,,,,,,,,
"Congo, Rep.",COG,"Listed domestic companies, total",CM.MKT.LDOM.NO,,,,,,,,,,,,,,,,,,,,,,,,,,,,,,,,,,,,,,,,,,,,,,,,,,,,,,,,,,,,,,,,
Colombia,COL,"Listed domestic companies, total",CM.MKT.LDOM.NO,,,,,,,,,,,,,,,,,,,,,,,,,,,,,,,80,83,83,89,113,117,126,128,118,85,73,120,110,110,106,98,94,90,89,87,84,79,76,72,70,69,68,67,66,66,65,64,63,
Comoros,COM,"Listed domestic companies, total",CM.MKT.LDOM.NO,,,,,,,,,,,,,,,,,,,,,,,,,,,,,,,,,,,,,,,,,,,,,,,,,,,,,,,,,,,,,,,,
Cabo Verde,CPV,"Listed domestic companies, total",CM.MKT.LDOM.NO,,,,,,,,,,,,,,,,,,,,,,,,,,,,,,,,,,,,,,,,,,,,,,,,,,,,,,,,,,,,,,,,
Costa Rica,CRI,"Listed domestic companies, total",CM.MKT.LDOM.NO,,,,,,,,,,,,,,,,,,,,,,,,15,,16,16,,,,24,17,23,29,31,25,25,23,22,21,23,25,23,22,22,20,18,12,11,9,9,9,9,9,9,10,10,10,10,10,10,10,9,
Caribbean small states,CSS,"Listed domestic companies, total",CM.MKT.LDOM.NO,,,,,,,,,,,,,,,,,,,,,,,,,,,,,,,,,,,,,,,,,,,,,,,,,,,,,,,,,,,,,,,,
Cuba,CUB,"Listed domestic companies, total",CM.MKT.LDOM.NO,,,,,,,,,,,,,,,,,,,,,,,,,,,,,,,,,,,,,,,,,,,,,,,,,,,,,,,,,,,,,,,,
Curacao,CUW,"Listed domestic companies, total",CM.MKT.LDOM.NO,,,,,,,,,,,,,,,,,,,,,,,,,,,,,,,,,,,,,,,,,,,,,,,,,,,,,,,,,,,,,,,,
Cayman Islands,CYM,"Listed domestic companies, total",CM.MKT.LDOM.NO,,,,,,,,,,,,,,,,,,,,,,,,,,,,,,,,,,,,,,1,2,1,1,1,1,1,1,1,1,2,2,2,2,5,3,,,6,,,4,4,4,,,
Cyprus,CYP,"Listed domestic companies, total",CM.MKT.LDOM.NO,,,,,,,,,,,,,,,,,,,,,,,,,,,,,,,,,,36,35,37,39,40,45,48,93,120,130,133,124,119,141,124,119,115,110,106,101,95,94,84,81,74,91,96,92,92,92,
Czechia,CZE,"Listed domestic companies, total",CM.MKT.LDOM.NO,,,,,,,,,,,,,,,,,,,,,,,,,,,,,,,,,,3,28,54,82,91,92,74,57,47,44,37,33,23,15,13,19,16,16,15,17,15,13,15,,,16,17,20,21,24,
Germany,DEU,"Listed domestic companies, total",CM.MKT.LDOM.NO,,,,,,,,,,,,,,,,471,469,465,459,458,459,456,450,442,449,472,492,574,609,408,413,665,665,664,666,678,681,700,741,617,744,749,715,684,660,648,656,761,742,704,690,670,665,639,595,555,531,450,465,470,438,443,429,
Djibouti,DJI,"Listed domestic companies, total",CM.MKT.LDOM.NO,,,,,,,,,,,,,,,,,,,,,,,,,,,,,,,,,,,,,,,,,,,,,,,,,,,,,,,,,,,,,,,,
Dominica,DMA,"Listed domestic companies, total",CM.MKT.LDOM.NO,,,,,,,,,,,,,,,,,,,,,,,,,,,,,,,,,,,,,,,,,,,,,,,,,,,,,,,,,,,,,,,,
Denmark,DNK,"Listed domestic companies, total",CM.MKT.LDOM.NO,,,,,,,,,,,,,,,,248,247,245,231,224,218,210,206,206,231,243,274,269,260,272,273,260,257,206,242,242,237,237,242,233,225,208,193,188,178,,,,,,,,,,,,,,,,,,,
Dominican Republic,DOM,"Listed domestic companies, total",CM.MKT.LDOM.NO,,,,,,,,,,,,,,,,,,,,,,,,,,,,,,,,,,,,,,,,,,,,,,,,,,,,,,,,,,,,,,,,
Algeria,DZA,"Listed domestic companies, total",CM.MKT.LDOM.NO,,,,,,,,,,,,,,,,,,,,,,,,,,,,,,,,,,,,,,,,,,,,,,,,,,,,,,,,,,,,,,,,
East Asia & Pacific (excluding high income),EAP,"Listed domestic companies, total",CM.MKT.LDOM.NO,,,,,,,,,,,,,,,,,,,,,,,,,,,,,,,,,,,,1704,2061,2432,2563,2590,2776,2894,3049,3177,3364,3476,3551,3670,4082,4287,4867,5209,5379,5399,5563,5831,6102,6625,6822,16052,15737,15133,14780,
Early-demographic dividend,EAR,"Listed domestic companies, total",CM.MKT.LDOM.NO,,,,,,,,,,,,,,,,,,,,,,,,,,,,,,,,4596,4893,6858,8267,9599,10448,11114,11260,11502,11434,10978,9869,9626,9413,9422,9283,9384,9422,9364,9402,9662,9620,9706,9972,9854,9844,9685,11235,6280,6849,7129,7078,
East Asia & Pacific,EAS,"Listed domestic companies, total",CM.MKT.LDOM.NO,,,,,,,,,,,,,,,,2853,2764,2722,2635,2992,3356,3218,3202,3248,3605,4013,4197,4667,4804,4931,4906,5042,5323,5602,6150,6518,7063,7628,7772,7945,9175,9625,10495,11074,11667,12095,12378,12828,13279,13464,14151,14716,14875,16175,16607,17201,17701,18532,19025,28442,28265,27905,27701,
Europe & Central Asia (excluding high income),ECA,"Listed domestic companies, total",CM.MKT.LDOM.NO,,,,,,,,,,,,,,,,,,,,,,,,,,,80,,,,,,,220,268,560,477,313,341,,359,735,746,904,1072,1064,1212,1617,1707,1266,1631,1399,1107,949,1159,1306,1237,788,1057,1908,982,945,1004,
Europe & Central Asia,ECS,"Listed domestic companies, total",CM.MKT.LDOM.NO,,,,,,,,,,,,,,,,6245,6004,5787,6143,5938,6057,5770,5568,5441,5514,5455,5685,5891,5626,5607,5658,6407,6116,6114,5707,6849,6994,7242,8283,9178,10013,11248,10995,10899,7819,7664,11457,12019,11946,10952,11074,10834,10251,9933,10229,8358,,6950,,,,,,
Ecuador,ECU,"Listed domestic companies, total",CM.MKT.LDOM.NO,,,,,,,,,,,,,,,,,,,,,,,,,,,,,,,,,,,,37,42,41,36,36,26,,,,,,,,,,,,,,,,,,,,,,,
"Egypt, Arab Rep.",EGY,"Listed domestic companies, total",CM.MKT.LDOM.NO,,,,,,,,,,,,,,,,,,,,,,,,,,,,,,,,,,,,,,654,869,1032,1075,1109,1150,977,795,744,595,435,373,312,227,231,234,235,246,250,251,252,250,246,240,241,239,
Euro area,EMU,"Listed domestic companies, total",CM.MKT.LDOM.NO,,,,,,,,,,,,,,,,2972,2985,2477,2907,2779,2842,2797,2714,2640,2692,2645,2782,3037,2863,2870,2908,3564,3361,3161,2754,3314,3421,3597,4067,5087,5762,6686,6528,6679,3267,3017,6523,6906,6828,6484,6211,6128,5876,5726,5809,5656,5298,4789,4639,,,,,
Eritrea,ERI,"Listed domestic companies, total",CM.MKT.LDOM.NO,,,,,,,,,,,,,,,,,,,,,,,,,,,,,,,,,,,,,,,,,,,,,,,,,,,,,,,,,,,,,,,,
Spain,ESP,"Listed domestic companies, total",CM.MKT.LDOM.NO,,,,,,,,,,,,,,,,941,1019,519,1034,978,943,944,874,772,750,687,636,642,691,851,867,868,801,612,607,604,605,670,897,1394,1720,2959,2986,3191,,,3339,3498,3538,3435,3310,3241,3167,3213,3419,3623,3480,3110,2980,2870,2711,2558,1472,
Estonia,EST,"Listed domestic companies, total",CM.MKT.LDOM.NO,,,,,,,,,,,,,,,,,,,,,,,,,,,,,,,,,,,,,,,25,23,20,17,14,14,,,,,,,,,,,,,,,,,,,,
Ethiopia,ETH,"Listed domestic companies, total",CM.MKT.LDOM.NO,,,,,,,,,,,,,,,,,,,,,,,,,,,,,,,,,,,,,,,,,,,,,,,,,,,,,,,,,,,,,,,,
European Union,EUU,"Listed domestic companies, total",CM.MKT.LDOM.NO,,,,,,,,,,,,,,,,3321,3330,2818,3232,3099,3163,3137,3058,2991,3082,3052,3210,3456,3265,3277,3308,3961,3758,3625,3337,3944,4093,4436,5054,6106,6751,7975,7704,7525,4123,3708,7232,7733,7785,7478,7308,7422,7252,7122,7195,7035,6640,5777,5880,,,,,
Fragile and conflict affected situations,FCS,"Listed domestic companies, total",CM.MKT.LDOM.NO,,,,,,,,,,,,,,,,,,,,,,,,,,,,,,,,,,,,,,,,,,,,,,,,,,,,,,,,,,,,,,,,
Finland,FIN,"Listed domestic companies, total",CM.MKT.LDOM.NO,,,,,,,,,,,,,,,,,,,,,,,,48,52,50,49,49,66,79,73,63,61,57,65,73,113,124,129,147,158,152,147,142,134,,,,,,,,,,,,,,,,,,,
Fiji,FJI,"Listed domestic companies, total",CM.MKT.LDOM.NO,,,,,,,,,,,,,,,,,,,,,,,,,,,,,,,,,,,,,,,,,,,,,,,,,,,,,,,,,,,,,,,,
France,FRA,"Listed domestic companies, total",CM.MKT.LDOM.NO,,,,,,,,,,,,,,,,724,685,674,630,595,586,568,535,518,504,489,482,481,459,462,443,839,786,726,218,710,708,740,784,1144,1185,936,874,817,787,749,730,707,673,652,617,586,562,500,495,490,485,465,457,,,,,
Faroe Islands,FRO,"Listed domestic companies, total",CM.MKT.LDOM.NO,,,,,,,,,,,,,,,,,,,,,,,,,,,,,,,,,,,,,,,,,,,,,,,,,,,,,,,,,,,,,,,,
"Micronesia, Fed. Sts.",FSM,"Listed domestic companies, total",CM.MKT.LDOM.NO,,,,,,,,,,,,,,,,,,,,,,,,,,,,,,,,,,,,,,,,,,,,,,,,,,,,,,,,,,,,,,,,
Gabon,GAB,"Listed domestic companies, total",CM.MKT.LDOM.NO,,,,,,,,,,,,,,,,,,,,,,,,,,,,,,,,,,,,,,,,,,,,,,,,,,,,,,,,,,,,,,,,
United Kingdom,GBR,"Listed domestic companies, total",CM.MKT.LDOM.NO,,,,,,,,,,,,,,,,2820,2568,2853,2795,2722,2659,2403,2279,2217,2171,2116,2101,2061,1993,1955,1946,2027,1918,1927,1747,1971,2041,2046,2399,2292,2428,2438,2405,2311,2486,2757,2913,2588,2415,2179,2105,1987,1879,1857,1858,,,,,,,1646,,
Georgia,GEO,"Listed domestic companies, total",CM.MKT.LDOM.NO,,,,,,,,,,,,,,,,,,,,,,,,,,,,,,,,,,,,,,,,,,,,,,,,,,,,,,,,,,,,,,,,
Ghana,GHA,"Listed domestic companies, total",CM.MKT.LDOM.NO,,,,,,,,,,,,,,,,,,,,,,,,,,,,,,,,,,15,17,19,21,21,21,22,22,22,23,25,28,27,29,29,31,31,31,29,29,29,,,,,,33,31,30,30,
Gibraltar,GIB,"Listed domestic companies, total",CM.MKT.LDOM.NO,,,,,,,,,,,,,,,,,,,,,,,,,,,,,,,,,,,,,,,,,,,,,,,,,,,,,,,,,,,,,,,,
Guinea,GIN,"Listed domestic companies, total",CM.MKT.LDOM.NO,,,,,,,,,,,,,,,,,,,,,,,,,,,,,,,,,,,,,,,,,,,,,,,,,,,,,,,,,,,,,,,,
"Gambia, The",GMB,"Listed domestic companies, total",CM.MKT.LDOM.NO,,,,,,,,,,,,,,,,,,,,,,,,,,,,,,,,,,,,,,,,,,,,,,,,,,,,,,,,,,,,,,,,
Guinea-Bissau,GNB,"Listed domestic companies, total",CM.MKT.LDOM.NO,,,,,,,,,,,,,,,,,,,,,,,,,,,,,,,,,,,,,,,,,,,,,,,,,,,,,,,,,,,,,,,,
Equatorial Guinea,GNQ,"Listed domestic companies, total",CM.MKT.LDOM.NO,,,,,,,,,,,,,,,,,,,,,,,,,,,,,,,,,,,,,,,,,,,,,,,,,,,,,,,,,,,,,,,,
Greece,GRC,"Listed domestic companies, total",CM.MKT.LDOM.NO,,,,,,,,,,,,,,,,,,,,,116,111,113,113,114,114,114,116,119,119,145,159,164,135,180,186,200,210,246,262,309,313,313,339,319,302,288,289,289,285,277,269,262,248,240,236,213,196,183,176,171,155,154,
Grenada,GRD,"Listed domestic companies, total",CM.MKT.LDOM.NO,,,,,,,,,,,,,,,,,,,,,,,,,,,,,,,,,,,,,,,,,,,,,,,,,,,,,,,,,,,,,,,,
Greenland,GRL,"Listed domestic companies, total",CM.MKT.LDOM.NO,,,,,,,,,,,,,,,,,,,,,,,,,,,,,,,,,,,,,,,,,,,,,,,,,,,,,,,,,,,,,,,,
Guatemala,GTM,"Listed domestic companies, total",CM.MKT.LDOM.NO,,,,,,,,,,,,,,,,,,,,,,,,,,,,,,,,,,,,,,,,,,,,,,,,,,,,,,,,,,,,,,,,
Guam,GUM,"Listed domestic companies, total",CM.MKT.LDOM.NO,,,,,,,,,,,,,,,,,,,,,,,,,,,,,,,,,,,,,,,,,,,,,,,,,,,,,,,,,,,,,,,,
Guyana,GUY,"Listed domestic companies, total",CM.MKT.LDOM.NO,,,,,,,,,,,,,,,,,,,,,,,,,,,,,,,,,,,,,,,,,,,,,,,,,,,,,,,,,,,,,,,,
High income,HIC,"Listed domestic companies, total",CM.MKT.LDOM.NO,,,,,,,,,,,,,,,,13256,12829,12395,12455,12572,15559,15610,15273,16018,16794,17252,18166,19319,18944,18728,18375,19097,19082,20001,20479,21620,22661,23217,23888,24371,25928,26029,25742,27898,25243,25541,29477,29844,29236,28262,28026,28532,28114,29219,29446,27562,27194,26945,26631,26342,26955,28987,26154,
"Hong Kong SAR, China",HKG,"Listed domestic companies, total",CM.MKT.LDOM.NO,,,,,,,,,,,,,,,,136,134,130,130,133,137,,,,,260,248,264,282,284,284,333,386,450,502,518,561,638,665,688,779,857,968,1027,1086,1126,1165,1232,1251,1308,1396,1472,1459,1553,1661,1770,1872,1987,2161,2272,2353,2388,2414,
Honduras,HND,"Listed domestic companies, total",CM.MKT.LDOM.NO,,,,,,,,,,,,,,,,,,,,,,,,,,,,,,,,,,,,93,105,107,104,,,41,,,,,,,,,,,,,,,,,,,,,,
Heavily indebted poor countries (HIPC),HPC,"Listed domestic companies, total",CM.MKT.LDOM.NO,,,,,,,,,,,,,,,,,,,,,,,,,,,,,,,,,,,,,,,,,,,,,,,,,,,,,,,,,,,,,,,,
Croatia,HRV,"Listed domestic companies, total",CM.MKT.LDOM.NO,,,,,,,,,,,,,,,,,,,,,,,,,,,,,,,,,,2,36,61,71,77,50,61,63,63,67,157,166,177,182,359,356,271,240,233,211,192,193,186,160,155,127,119,104,98,91,
Haiti,HTI,"Listed domestic companies, total",CM.MKT.LDOM.NO,,,,,,,,,,,,,,,,,,,,,,,,,,,,,,,,,,,,,,,,,,,,,,,,,,,,,,,,,,,,,,,,
Hungary,HUN,"Listed domestic companies, total",CM.MKT.LDOM.NO,,,,,,,,,,,,,,,,,,,,,,,,,,,,,,,6,20,23,28,40,42,44,47,53,64,58,55,48,50,47,44,41,39,40,42,48,52,51,50,48,45,43,41,43,44,45,50,62,
IBRD only,IBD,"Listed domestic companies, total",CM.MKT.LDOM.NO,,,,,,,,,,,,,,,,,,,,,,,,,,,,,,,,,,7331,8828,10651,11691,12581,12898,13172,13282,13471,13342,13422,12744,12846,12944,13769,14351,14036,15098,15399,15370,15330,15991,16639,16786,16670,18564,23760,22552,22030,21698,
IDA & IBRD total,IBT,"Listed domestic companies, total",CM.MKT.LDOM.NO,,,,,,,,,,,,,,,,,,,,,,,,,,,,,,,,,,8643,10249,12282,13436,14340,14746,14862,14747,14761,13728,13796,14151,14269,14353,15187,15783,15442,16506,17079,16988,16976,17656,17768,17921,17813,19667,25004,24281,23753,23147,
IDA total,IDA,"Listed domestic companies, total",CM.MKT.LDOM.NO,,,,,,,,,,,,,,,,,,,,,,,,,,,,,,,,,,,,,,,,,,,,,,,,,,,,,,,,,,,,,,,,
IDA blend,IDB,"Listed domestic companies, total",CM.MKT.LDOM.NO,,,,,,,,,,,,,,,,,,,,,,,,,,,,,,,,,,927,1006,1029,1046,1045,1083,1028,,,,,902,911,890,905,907,909,905,887,812,810,816,,,,,,691,688,726,
Indonesia,IDN,"Listed domestic companies, total",CM.MKT.LDOM.NO,,,,,,,,,,,,,,,,,,,,,6,8,13,23,24,24,24,24,24,57,123,139,153,172,217,237,252,281,287,276,286,315,330,333,331,336,344,383,396,398,420,440,459,483,506,521,537,566,619,668,713,766,825,
IDA only,IDX,"Listed domestic companies, total",CM.MKT.LDOM.NO,,,,,,,,,,,,,,,,,,,,,,,,,,,,,,,,,,,,,,,,,,,,,,,,,,,,,,,,,,,,,,,,
Isle of Man,IMN,"Listed domestic companies, total",CM.MKT.LDOM.NO,,,,,,,,,,,,,,,,,,,,,,,,,,,,,,,,,,,,,,,,,,,,,,,,,,,,,,,,,,,,,,,,
India,IND,"Listed domestic companies, total",CM.MKT.LDOM.NO,,,,,,,,,,,,,,,,,,,,,,,,1151,1295,1529,1911,2095,2240,2407,2435,2556,2781,3263,4413,5398,5999,5843,5724,5789,5853,5795,5650,5644,4725,4763,4796,4887,4921,4955,5034,5112,5191,5294,5541,5835,5820,5615,6988,1955,1962,2053,2168,
Not classified,INX,"Listed domestic companies, total",CM.MKT.LDOM.NO,,,,,,,,,,,,,,,,,,,,,,,,,,,,,,,,,,,,,,,,,,,,,,,,,,,,,,,,,,,,,,,,
Ireland,IRL,"Listed domestic companies, total",CM.MKT.LDOM.NO,,,,,,,,,,,,,,,,,,,,,,,,,,,,,,,,,,,,80,93,83,78,84,76,68,62,55,53,53,57,60,58,55,50,48,42,41,43,43,40,41,43,,,,,
"Iran, Islamic Rep.",IRN,"Listed domestic companies, total",CM.MKT.LDOM.NO,,,,,,,,,,,,,,,,54,60,84,106,,,,,,,,,,,,,97,118,119,142,142,221,250,277,295,285,297,307,345,404,408,320,329,356,364,369,348,322,314,315,318,325,326,437,452,511,534,546,
Iraq,IRQ,"Listed domestic companies, total",CM.MKT.LDOM.NO,,,,,,,,,,,,,,,,,,,,,,,,,,,,,,,,,,,,,,,,,,,,,,,,,,,,,,,,,,,,,,,,
Iceland,ISL,"Listed domestic companies, total",CM.MKT.LDOM.NO,,,,,,,,,,,,,,,,,,,,,,,,,,,,,,,,,,17,24,27,26,41,67,64,64,62,64,48,34,,,,,,,,,,,,,,,,,,,
Israel,ISR,"Listed domestic companies, total",CM.MKT.LDOM.NO,,,,,,,,,,,,,,,,,,,,107,117,136,212,258,269,267,255,268,265,208,216,285,377,556,636,652,653,657,661,653,664,648,622,573,573,579,601,643,630,609,596,576,532,491,458,440,427,431,420,414,426,512,518,
Italy,ITA,"Listed domestic companies, total",CM.MKT.LDOM.NO,,,,,,,,,,,,,,,,152,154,154,142,138,134,132,138,139,143,147,184,204,211,217,220,265,255,242,256,250,244,235,243,270,297,294,295,271,269,275,284,301,294,291,290,311,303,285,290,,,,,,,,,
Jamaica,JAM,"Listed domestic companies, total",CM.MKT.LDOM.NO,,,,,,,,,,,,,,,,,,,,,,,,,,,,,,,,,,50,49,50,49,48,47,42,42,38,41,,,,,,,,48,50,50,53,59,59,64,71,76,87,89,90,95,
Jordan,JOR,"Listed domestic companies, total",CM.MKT.LDOM.NO,,,,,,,,,,,,,,,,,,,,,,,,,,,,,,,,,,101,95,126,132,139,150,151,163,161,158,161,192,201,227,245,262,272,277,247,243,239,236,228,224,194,195,191,179,172,170,
Japan,JPN,"Listed domestic companies, total",CM.MKT.LDOM.NO,,,,,,,,,,,,,,,,1398,1401,1407,1389,1398,1402,1412,1427,1441,1444,1476,1499,1532,1571,1597,1627,1641,1651,1667,1689,1714,1766,1805,1818,1889,2055,2103,2119,2174,2276,2323,2391,2389,2374,2320,2281,2280,2294,3408,3458,3504,3535,3598,3652,3704,3754,3818,3865,
Kazakhstan,KAZ,"Listed domestic companies, total",CM.MKT.LDOM.NO,,,,,,,,,,,,,,,,,,,,,,,,,,,,,,,,,,,,,,11,18,,,,50,68,75,62,67,66,72,70,61,63,74,72,68,78,85,90,97,94,103,98,92,
Kenya,KEN,"Listed domestic companies, total",CM.MKT.LDOM.NO,,,,,,,,,,,,,,,,,,,,,,,,,,,,,,,,,,38,40,56,57,57,57,,56,57,49,47,48,48,52,55,55,55,55,58,60,61,65,64,65,64,,59,60,59,59,
Kyrgyz Republic,KGZ,"Listed domestic companies, total",CM.MKT.LDOM.NO,,,,,,,,,,,,,,,,,,,,,,,,,,,,,,,,,,,,,,,,,,,,,,,,,,,,,,,,,,,,,,,,
Cambodia,KHM,"Listed domestic companies, total",CM.MKT.LDOM.NO,,,,,,,,,,,,,,,,,,,,,,,,,,,,,,,,,,,,,,,,,,,,,,,,,,,,,,,,,,,,,,,,
Kiribati,KIR,"Listed domestic companies, total",CM.MKT.LDOM.NO,,,,,,,,,,,,,,,,,,,,,,,,,,,,,,,,,,,,,,,,,,,,,,,,,,,,,,,,,,,,,,,,
St. Kitts and Nevis,KNA,"Listed domestic companies, total",CM.MKT.LDOM.NO,,,,,,,,,,,,,,,,,,,,,,,,,,,,,,,,,,,,,,,,,,,,,,,,,,,,,,,,,,,,,,,,
"Korea, Rep.",KOR,"Listed domestic companies, total",CM.MKT.LDOM.NO,,,,,,,,,,,,,,,,,,,,355,352,343,334,328,336,342,355,389,502,629,677,686,688,693,699,721,760,776,748,712,1242,1390,1512,1558,1570,1616,1689,1755,1789,1778,1781,1799,1767,1798,1849,1948,2039,2114,2186,2262,2318,2383,2446,
Kuwait,KWT,"Listed domestic companies, total",CM.MKT.LDOM.NO,,,,,,,,,,,,,,,,,,,,,,,,,,,,,,,,,,40,41,45,53,65,68,76,77,78,87,98,108,147,164,,,,,215,199,196,,,,,,164,163,159,148,
Latin America & Caribbean (excluding high income),LAC,"Listed domestic companies, total",CM.MKT.LDOM.NO,,,,,,,,,,,,,,,,,,,,,,979,,,,971,,,1091,1129,1251,1046,1040,1308,1323,1471,1533,1525,1484,1257,1127,1137,1041,958,931,903,881,916,916,894,944,933,934,933,936,924,927,938,928,913,939,957,847,
Lao PDR,LAO,"Listed domestic companies, total",CM.MKT.LDOM.NO,,,,,,,,,,,,,,,,,,,,,,,,,,,,,,,,,,,,,,,,,,,,,,,,,,,,,,,,,,,,,,,,
Lebanon,LBN,"Listed domestic companies, total",CM.MKT.LDOM.NO,,,,,,,,,,,,,,,,,,,,,,,,,,,,,,,,,,,,,6,8,11,12,12,13,11,11,11,11,11,11,11,10,10,10,10,10,10,10,10,10,10,10,10,10,,
Liberia,LBR,"Listed domestic companies, total",CM.MKT.LDOM.NO,,,,,,,,,,,,,,,,,,,,,,,,,,,,,,,,,,,,,,,,,,,,,,,,,,,,,,,,,,,,,,,,
Libya,LBY,"Listed domestic companies, total",CM.MKT.LDOM.NO,,,,,,,,,,,,,,,,,,,,,,,,,,,,,,,,,,,,,,,,,,,,,,,,,,,,,,,,,,,,,,,,
St. Lucia,LCA,"Listed domestic companies, total",CM.MKT.LDOM.NO,,,,,,,,,,,,,,,,,,,,,,,,,,,,,,,,,,,,,,,,,,,,,,,,,,,,,,,,,,,,,,,,
Latin America & Caribbean,LCN,"Listed domestic companies, total",CM.MKT.LDOM.NO,,,,,,,,,,,,,,,,,,,,,,,,,,,,,,1342,1585,1419,1423,1801,1855,1972,2032,2017,1909,1785,1627,1526,1396,1302,1270,1246,1223,1259,1252,1238,1283,1265,1242,1236,1254,1203,1190,1197,1183,1375,1394,1395,1280,
Least developed countries: UN classification,LDC,"Listed domestic companies, total",CM.MKT.LDOM.NO,,,,,,,,,,,,,,,,,,,,,,,,,,,,,,,,,,,,,,,,,,,,,,,,,,,,,,,,,,,,,,,,
Low income,LIC,"Listed domestic companies, total",CM.MKT.LDOM.NO,,,,,,,,,,,,,,,,,,,,,,,,,,,,,,,,,,,,,,,,,,,,,,,,,,,,,,,,,,,,,,,,
Liechtenstein,LIE,"Listed domestic companies, total",CM.MKT.LDOM.NO,,,,,,,,,,,,,,,,,,,,,,,,,,,,,,,,,,,,,,,,,,,,,,,,,,,,,,,,,,,,,,,,
Sri Lanka,LKA,"Listed domestic companies, total",CM.MKT.LDOM.NO,,,,,,,,,,,,,,,,,,,,,,,,,,,,,,,,,,197,211,226,235,239,240,237,239,238,238,244,242,239,237,235,235,231,241,272,287,289,294,294,295,296,297,289,283,296,290,
Lower middle income,LMC,"Listed domestic companies, total",CM.MKT.LDOM.NO,,,,,,,,,,,,,,,,,,,,,,,,,,,,,,,,,,5037,6340,7574,8399,8959,9195,9300,9184,9000,,,7870,7890,7713,7697,8056,8138,8339,8698,8702,8816,9266,9026,8997,8780,10227,5259,5794,5905,5409,
Low & middle income,LMY,"Listed domestic companies, total",CM.MKT.LDOM.NO,,,,,,,,,,,,,,,,,,,,,,,,,,,,,,,,,,8142,9656,11673,12802,13571,13967,13973,13898,14065,13095,13099,13429,13504,13572,14131,14651,14345,15346,15750,15617,15595,16260,16421,16612,16495,18419,23579,22884,22350,21772,
Lesotho,LSO,"Listed domestic companies, total",CM.MKT.LDOM.NO,,,,,,,,,,,,,,,,,,,,,,,,,,,,,,,,,,,,,,,,,,,,,,,,,,,,,,,,,,,,,,,,
Late-demographic dividend,LTE,"Listed domestic companies, total",CM.MKT.LDOM.NO,,,,,,,,,,,,,,,,,,,,,,,,,,,,,,,,,,,,3359,3712,4042,4320,4239,4451,4542,4472,4739,5231,5365,5815,6127,6704,6473,7501,8073,7939,7830,7725,7972,8207,8712,8875,19293,17946,17357,16867,
Lithuania,LTU,"Listed domestic companies, total",CM.MKT.LDOM.NO,,,,,,,,,,,,,,,,,,,,,,,,,,,,,,,,,,,,,,,60,52,53,45,46,45,,,,,,,,,,,,,,,,,,,,
Luxembourg,LUX,"Listed domestic companies, total",CM.MKT.LDOM.NO,,,,,,,,,,,,,,,,76,73,73,68,69,74,80,88,102,134,175,253,347,52,54,54,62,59,56,67,55,54,56,53,50,54,49,47,44,42,39,36,34,33,30,29,27,25,24,25,27,28,28,27,28,29,27,28,
Latvia,LVA,"Listed domestic companies, total",CM.MKT.LDOM.NO,,,,,,,,,,,,,,,,,,,,,,,,,,,,,,,,,,,,17,34,50,67,66,63,63,62,56,,,,,,,,,,,,,,,,,,,,
"Macao SAR, China",MAC,"Listed domestic companies, total",CM.MKT.LDOM.NO,,,,,,,,,,,,,,,,,,,,,,,,,,,,,,,,,,,,,,,,,,,,,,,,,,,,,,,,,,,,,,,,
St. Martin (French part),MAF,"Listed domestic companies, total",CM.MKT.LDOM.NO,,,,,,,,,,,,,,,,,,,,,,,,,,,,,,,,,,,,,,,,,,,,,,,,,,,,,,,,,,,,,,,,
Morocco,MAR,"Listed domestic companies, total",CM.MKT.LDOM.NO,,,,,,,,,,,,,,,,,,,,,,,,,,,,,,,,,,60,56,44,47,49,53,54,53,55,55,52,53,54,63,73,77,76,73,75,76,75,74,74,74,73,75,74,75,75,75,
Monaco,MCO,"Listed domestic companies, total",CM.MKT.LDOM.NO,,,,,,,,,,,,,,,,,,,,,,,,,,,,,,,,,,,,,,,,,,,,,,,,,,,,,,,,,,,,,,,,
Moldova,MDA,"Listed domestic companies, total",CM.MKT.LDOM.NO,,,,,,,,,,,,,,,,,,,,,,,,,,,,,,,,,,,,,,,,,,,,,,,,,,,,,,,,,,,,,,,,
Madagascar,MDG,"Listed domestic companies, total",CM.MKT.LDOM.NO,,,,,,,,,,,,,,,,,,,,,,,,,,,,,,,,,,,,,,,,,,,,,,,,,,,,,,,,,,,,,,,,
Maldives,MDV,"Listed domestic companies, total",CM.MKT.LDOM.NO,,,,,,,,,,,,,,,,,,,,,,,,,,,,,,,,,,,,,,,,,,,,,,,,,,,,,,,,,,,,,,,,
Middle East & North Africa,MEA,"Listed domestic companies, total",CM.MKT.LDOM.NO,,,,,,,,,,,,,,,,,,,,,,,,,,,,,,,,,,,,,,,,,,,,2438,2588,2638,2475,2172,2254,2200,2119,2283,2209,2183,1981,1969,1962,1952,2071,2242,2247,2378,2433,
Mexico,MEX,"Listed domestic companies, total",CM.MKT.LDOM.NO,,,,,,,,,,,,,,,,369,410,,349,337,271,240,215,174,178,188,235,260,309,354,390,207,199,190,206,185,193,194,194,186,175,167,163,158,151,150,132,125,125,125,130,128,131,138,141,136,137,141,140,139,140,138,133,
Marshall Islands,MHL,"Listed domestic companies, total",CM.MKT.LDOM.NO,,,,,,,,,,,,,,,,,,,,,,,,,,,,,,,,,,,,,,,,,,,,,,,,,,,,,,,,,,,,,,,,
Middle income,MIC,"Listed domestic companies, total",CM.MKT.LDOM.NO,,,,,,,,,,,,,,,,,,,,,,,,,,,,,,,,,,8142,9656,11673,12802,13571,13967,13973,13898,14065,13095,13099,13429,13504,13572,14131,14651,14345,15346,15750,15617,15595,16260,16421,16612,16495,18415,23575,22879,22345,21767,
North Macedonia,MKD,"Listed domestic companies, total",CM.MKT.LDOM.NO,,,,,,,,,,,,,,,,,,,,,,,,,,,,,,,,,,,,,,,,,,,,,,,,,,,,,,,,,,,,,,,,
Mali,MLI,"Listed domestic companies, total",CM.MKT.LDOM.NO,,,,,,,,,,,,,,,,,,,,,,,,,,,,,,,,,,,,,,,,,,,,,,,,,,,,,,,,,,,,,,,,
Malta,MLT,"Listed domestic companies, total",CM.MKT.LDOM.NO,,,,,,,,,,,,,,,,,,,,,,,,,,,,,,,,,,2,4,5,5,6,7,7,10,12,13,14,13,14,15,16,19,20,21,21,22,23,24,23,23,23,25,27,27,30,33,
Myanmar,MMR,"Listed domestic companies, total",CM.MKT.LDOM.NO,,,,,,,,,,,,,,,,,,,,,,,,,,,,,,,,,,,,,,,,,,,,,,,,,,,,,,,,,,,,,,,,
Middle East & North Africa (excluding high income),MNA,"Listed domestic companies, total",CM.MKT.LDOM.NO,,,,,,,,,,,,,,,,,,,,,,,,,,,,,,,,,,,,,,,,,,,,,,,,,,,,1013,,,,1007,1011,984,,,1141,1159,1161,
Montenegro,MNE,"Listed domestic companies, total",CM.MKT.LDOM.NO,,,,,,,,,,,,,,,,,,,,,,,,,,,,,,,,,,,,,,,,,,,,,,,,331,420,,361,146,112,,,,,,,,,,,
Mongolia,MNG,"Listed domestic companies, total",CM.MKT.LDOM.NO,,,,,,,,,,,,,,,,,,,,,,,,,,,,,,,,,,,,,,,,,,,,,,,,,,,,,,,,,,,,,,,,
Northern Mariana Islands,MNP,"Listed domestic companies, total",CM.MKT.LDOM.NO,,,,,,,,,,,,,,,,,,,,,,,,,,,,,,,,,,,,,,,,,,,,,,,,,,,,,,,,,,,,,,,,
Mozambique,MOZ,"Listed domestic companies, total",CM.MKT.LDOM.NO,,,,,,,,,,,,,,,,,,,,,,,,,,,,,,,,,,,,,,,,,,,,,,,,,,,,,,,,,,,,,,,,
Mauritania,MRT,"Listed domestic companies, total",CM.MKT.LDOM.NO,,,,,,,,,,,,,,,,,,,,,,,,,,,,,,,,,,,,,,,,,,,,,,,,,,,,,,,,,,,,,,,,
Mauritius,MUS,"Listed domestic companies, total",CM.MKT.LDOM.NO,,,,,,,,,,,,,,,,,,,,,,,,,,,,,,,,,,23,26,28,30,30,30,31,31,31,30,28,29,30,62,67,65,64,62,63,60,63,66,71,75,74,99,95,93,91,89,
Malawi,MWI,"Listed domestic companies, total",CM.MKT.LDOM.NO,,,,,,,,,,,,,,,,,,,,,,,,,,,,,,,,,,,,,,,,,,,,,,,,,,,,,,,,,,,,,,,,
Malaysia,MYS,"Listed domestic companies, total",CM.MKT.LDOM.NO,,,,,,,,,,,,,,,,,,,,,181,187,194,204,218,222,226,232,238,249,268,318,363,407,475,523,615,700,728,749,787,804,857,897,955,1015,1021,983,972,952,948,932,911,900,895,892,893,894,902,919,927,940,963,
North America,NAC,"Listed domestic companies, total",CM.MKT.LDOM.NO,,,,,,,,,,,,,,,,4158,4061,3886,3677,3535,6288,6757,6576,7383,7533,7643,8236,8862,8651,8440,8192,8162,8167,8585,9002,9251,9918,9838,9480,8789,8446,7477,6959,8895,8844,8883,8939,9006,8437,8041,7947,8029,7989,8003,8074,7896,7712,7627,7356,7281,8038,8240,8186,
Namibia,NAM,"Listed domestic companies, total",CM.MKT.LDOM.NO,,,,,,,,,,,,,,,,,,,,,,,,,,,,,,,,,,4,8,10,12,13,15,14,12,13,12,11,9,9,9,7,7,7,7,6,7,8,8,8,8,10,10,11,13,14,14,
New Caledonia,NCL,"Listed domestic companies, total",CM.MKT.LDOM.NO,,,,,,,,,,,,,,,,,,,,,,,,,,,,,,,,,,,,,,,,,,,,,,,,,,,,,,,,,,,,,,,,
Niger,NER,"Listed domestic companies, total",CM.MKT.LDOM.NO,,,,,,,,,,,,,,,,,,,,,,,,,,,,,,,,,,,,,,,,,,,,,,,,,,,,,,,,,,,,,,,,
Nigeria,NGA,"Listed domestic companies, total",CM.MKT.LDOM.NO,,,,,,,,,,,,,,,,,,,,,,,,,,,,,,,,,,174,177,181,183,182,186,194,,,,,206,215,201,211,212,214,215,196,189,188,188,183,169,166,164,180,177,174,173,
Nicaragua,NIC,"Listed domestic companies, total",CM.MKT.LDOM.NO,,,,,,,,,,,,,,,,,,,,,,,,,,,,,,,,,,,,,,,,,,,,,,,,,,,,,,,,,,,,,,,,
Netherlands,NLD,"Listed domestic companies, total",CM.MKT.LDOM.NO,,,,,,,,,,,,,,,,242,234,231,229,219,214,202,216,215,263,232,267,226,232,251,260,204,187,239,234,184,185,198,214,387,392,329,294,268,256,237,224,221,211,164,150,144,135,99,98,100,103,102,103,,,,,
Norway,NOR,"Listed domestic companies, total",CM.MKT.LDOM.NO,,,,,,,,,,,,,,,,,,,,,117,109,112,113,140,156,149,139,128,122,112,103,115,120,132,151,158,196,214,195,191,188,180,160,166,191,195,208,209,190,195,194,184,173,173,171,171,180,,,,,,
Nepal,NPL,"Listed domestic companies, total",CM.MKT.LDOM.NO,,,,,,,,,,,,,,,,,,,,,,,,,,,,,,,,,,,,,,,,,,,,,,,,,,,,,,,,,,,,,,,,
Nauru,NRU,"Listed domestic companies, total",CM.MKT.LDOM.NO,,,,,,,,,,,,,,,,,,,,,,,,,,,,,,,,,,,,,,,,,,,,,,,,,,,,,,,,,,,,,,,,
New Zealand,NZL,"Listed domestic companies, total",CM.MKT.LDOM.NO,,,,,,,,,,,,,,,,,,,,,,,,,237,317,339,289,235,247,171,139,123,132,144,135,132,120,122,113,131,145,149,166,158,153,151,152,147,143,137,144,141,143,154,171,173,164,131,123,122,127,123,
OECD members,OED,"Listed domestic companies, total",CM.MKT.LDOM.NO,,,,,,,,,,,,,,,,13489,13105,12265,12674,12681,15494,15640,15263,15970,16728,16947,17997,19129,18755,18553,18340,18818,18709,19290,19489,20579,21606,21962,22569,22841,24083,24213,23513,25168,22086,22188,26111,26430,25697,24690,24374,24525,24107,25082,25324,23464,22987,22585,22048,21466,22046,24040,21202,
Oman,OMN,"Listed domestic companies, total",CM.MKT.LDOM.NO,,,,,,,,,,,,,,,,,,,,,,,,,,,,,,,,,,90,100,114,133,154,131,134,208,208,,,225,235,215,120,122,120,114,114,115,116,117,116,113,112,110,111,111,110,110,
Other small states,OSS,"Listed domestic companies, total",CM.MKT.LDOM.NO,,,,,,,,,,,,,,,,,,,,,,,,,,,,,,,,,,,,,,,247,,,,,,,,,,,,,,387,275,281,276,,314,366,377,,,,
Pakistan,PAK,"Listed domestic companies, total",CM.MKT.LDOM.NO,,,,,,,,,,,,,,,,,,,,,,,,,,,,,,,,,,653,724,727,743,742,773,765,723,709,,,639,639,628,630,629,629,625,621,555,550,557,,,,,,454,455,494,
Panama,PAN,"Listed domestic companies, total",CM.MKT.LDOM.NO,,,,,,,,,,,,,,,,,,,,,,,,,,,,,,,,,,57,77,97,18,21,27,140,151,30,30,28,26,27,26,28,21,32,34,37,20,20,29,30,30,30,30,32,35,36,33,
Peru,PER,"Listed domestic companies, total",CM.MKT.LDOM.NO,,,,,,,,,,,,,,,,,,,,,,,,,,,,,,,,,,235,220,242,236,245,246,229,209,204,198,195,192,193,189,188,201,195,199,202,214,212,211,212,217,218,209,196,199,189,186,
Philippines,PHL,"Listed domestic companies, total",CM.MKT.LDOM.NO,,,,,,,,,,,,,,,,,,,,,,,,,,,,140,142,144,153,161,169,178,189,205,216,221,221,226,228,230,233,234,233,235,238,242,244,246,251,251,252,254,260,262,262,264,264,265,268,273,283,
Palau,PLW,"Listed domestic companies, total",CM.MKT.LDOM.NO,,,,,,,,,,,,,,,,,,,,,,,,,,,,,,,,,,,,,,,,,,,,,,,,,,,,,,,,,,,,,,,,
Papua New Guinea,PNG,"Listed domestic companies, total",CM.MKT.LDOM.NO,,,,,,,,,,,,,,,,,,,,,,,,,,,,,,,,,,,,,,,,,8,9,8,9,9,9,9,9,11,11,10,12,8,11,6,6,6,,,,,,,
Poland,POL,"Listed domestic companies, total",CM.MKT.LDOM.NO,,,,,,,,,,,,,,,,,,,,,,,,,,,,,,,,,9,22,44,65,83,143,198,221,225,230,202,188,211,234,253,352,432,470,570,757,844,869,872,872,861,861,823,798,782,787,773,
Pre-demographic dividend,PRE,"Listed domestic companies, total",CM.MKT.LDOM.NO,,,,,,,,,,,,,,,,,,,,,,,,,,,,,,,,,,,,,276,,288,,,,,,,,,,,,,,,,,,,,,,,,,
Puerto Rico,PRI,"Listed domestic companies, total",CM.MKT.LDOM.NO,,,,,,,,,,,,,,,,,,,,,,,,,,,,,,,,,,,,,,,,,,,,,,,,,,,,,,,,,,,,,,,,
"Korea, Dem. People's Rep.",PRK,"Listed domestic companies, total",CM.MKT.LDOM.NO,,,,,,,,,,,,,,,,,,,,,,,,,,,,,,,,,,,,,,,,,,,,,,,,,,,,,,,,,,,,,,,,
Portugal,PRT,"Listed domestic companies, total",CM.MKT.LDOM.NO,,,,,,,,,,,,,,,,,,37,38,24,25,23,26,25,23,23,40,131,158,152,152,153,100,89,83,78,81,81,76,81,111,99,60,57,55,51,51,52,55,54,52,51,49,46,47,47,45,43,40,,,,,
Paraguay,PRY,"Listed domestic companies, total",CM.MKT.LDOM.NO,,,,,,,,,,,,,,,,,,,,,,,,,,,,,,,,,,,,30,60,59,59,55,,,,,,,,,,,,,,,,,,,,,,,,
West Bank and Gaza,PSE,"Listed domestic companies, total",CM.MKT.LDOM.NO,,,,,,,,,,,,,,,,,,,,,,,,,,,,,,,,,,,,,,,,24,25,25,28,26,27,28,32,34,36,38,39,45,47,48,48,49,48,48,48,48,46,47,49,
Pacific island small states,PSS,"Listed domestic companies, total",CM.MKT.LDOM.NO,,,,,,,,,,,,,,,,,,,,,,,,,,,,,,,,,,,,,,,,,,,,,,,,,,,,,,,,,,,,,,,,
Post-demographic dividend,PST,"Listed domestic companies, total",CM.MKT.LDOM.NO,,,,,,,,,,,,,,,,13256,12829,12395,12455,12465,15340,15367,14948,15641,16194,16643,17566,18699,18313,18122,17738,18368,18196,18634,18852,19776,20772,21114,21595,21938,23343,23919,23389,25473,22590,22776,26452,26955,26243,25220,24884,24890,24507,25578,26270,24346,23933,23207,23127,22417,23080,24926,22023,
French Polynesia,PYF,"Listed domestic companies, total",CM.MKT.LDOM.NO,,,,,,,,,,,,,,,,,,,,,,,,,,,,,,,,,,,,,,,,,,,,,,,,,,,,,,,,,,,,,,,,
Qatar,QAT,"Listed domestic companies, total",CM.MKT.LDOM.NO,,,,,,,,,,,,,,,,,,,,,,,,,,,,,,,,,,,,,,,,,,,,,,,,,43,44,43,42,42,42,43,43,44,45,46,47,,,,
Romania,ROU,"Listed domestic companies, total",CM.MKT.LDOM.NO,,,,,,,,,,,,,,,,,,,,,,,,,,,,,,,,,,,,,,76,126,122,109,60,60,57,55,59,53,54,62,68,73,77,77,81,81,82,84,86,85,81,81,80,81,
Russian Federation,RUS,"Listed domestic companies, total",CM.MKT.LDOM.NO,,,,,,,,,,,,,,,,,,,,,,,,,,,,,,,,,,52,79,340,240,43,41,,21,21,57,266,412,414,539,592,561,550,556,534,292,261,254,251,242,230,221,213,213,210,195,
Rwanda,RWA,"Listed domestic companies, total",CM.MKT.LDOM.NO,,,,,,,,,,,,,,,,,,,,,,,,,,,,,,,,,,,,,,,,,,,,,,,,,,,,,,,,,,,4,4,5,5,5,
South Asia,SAS,"Listed domestic companies, total",CM.MKT.LDOM.NO,,,,,,,,,,,,,,,,,,,,,,,,1151,1295,1529,1911,2095,2240,2407,2435,2556,2781,4256,5505,6582,7279,7165,7092,7139,7179,6905,5888,5888,5791,5836,5860,5963,6006,6012,6092,6438,6486,6614,6909,6672,6672,6483,7878,2855,3327,3464,3306,
Saudi Arabia,SAU,"Listed domestic companies, total",CM.MKT.LDOM.NO,,,,,,,,,,,,,,,,,,,,,,,,,,,,,,,,,,,,,,,,,,,68,70,73,77,86,111,127,135,146,150,158,163,169,171,176,188,200,204,207,224,269,
Sudan,SDN,"Listed domestic companies, total",CM.MKT.LDOM.NO,,,,,,,,,,,,,,,,,,,,,,,,,,,,,,,,,,,,,,,,,,,,,,,,,,,,,,,,,,,,,,,,
Senegal,SEN,"Listed domestic companies, total",CM.MKT.LDOM.NO,,,,,,,,,,,,,,,,,,,,,,,,,,,,,,,,,,,,,,,,,,,,,,,,,,,,,,,,,,,,,,,,
Singapore,SGP,"Listed domestic companies, total",CM.MKT.LDOM.NO,,,,,,,,,,,,,,,,,,,,95,97,103,112,118,121,122,122,127,132,136,150,166,181,201,313,250,266,294,257,274,328,318,321,475,536,564,461,472,455,459,461,462,472,479,484,483,479,483,482,470,459,442,425,
Solomon Islands,SLB,"Listed domestic companies, total",CM.MKT.LDOM.NO,,,,,,,,,,,,,,,,,,,,,,,,,,,,,,,,,,,,,,,,,,,,,,,,,,,,,,,,,,,,,,,,
Sierra Leone,SLE,"Listed domestic companies, total",CM.MKT.LDOM.NO,,,,,,,,,,,,,,,,,,,,,,,,,,,,,,,,,,,,,,,,,,,,,,,,,,,,,,,,,,,,,,,,
El Salvador,SLV,"Listed domestic companies, total",CM.MKT.LDOM.NO,,,,,,,,,,,,,,,,,,,,,,,,,,,,,,,,,,,,,,,,,,,,,,,,,,,,,,,,,,,,,,,,
San Marino,SMR,"Listed domestic companies, total",CM.MKT.LDOM.NO,,,,,,,,,,,,,,,,,,,,,,,,,,,,,,,,,,,,,,,,,,,,,,,,,,,,,,,,,,,,,,,,
Somalia,SOM,"Listed domestic companies, total",CM.MKT.LDOM.NO,,,,,,,,,,,,,,,,,,,,,,,,,,,,,,,,,,,,,,,,,,,,,,,,,,,,,,,,,,,,,,,,
Serbia,SRB,"Listed domestic companies, total",CM.MKT.LDOM.NO,,,,,,,,,,,,,,,,,,,,,,,,,,,,,,,,,,,,,,,,,,,,,,,,,,,,,,,,,,,,,,,,
Sub-Saharan Africa (excluding high income),SSA,"Listed domestic companies, total",CM.MKT.LDOM.NO,,,,,,,,,,,,,,,,,,,,,,,,,,,,,,,,,,974,977,1020,1018,1004,1091,1059,,,,,745,734,772,,,,,,,,,,,,,,,,,
South Sudan,SSD,"Listed domestic companies, total",CM.MKT.LDOM.NO,,,,,,,,,,,,,,,,,,,,,,,,,,,,,,,,,,,,,,,,,,,,,,,,,,,,,,,,,,,,,,,,
Sub-Saharan Africa,SSF,"Listed domestic companies, total",CM.MKT.LDOM.NO,,,,,,,,,,,,,,,,,,,,,,,,,,,,,,,,,,974,977,1020,1018,1004,1091,1059,,,,,745,734,772,,,,,,,,,,,,,,,,,
Small states,SST,"Listed domestic companies, total",CM.MKT.LDOM.NO,,,,,,,,,,,,,,,,,,,,,,,,,,,,,,,,,,,,,,,,,,,,,,,,,,,,,,,,,,,,,,,,
Sao Tome and Principe,STP,"Listed domestic companies, total",CM.MKT.LDOM.NO,,,,,,,,,,,,,,,,,,,,,,,,,,,,,,,,,,,,,,,,,,,,,,,,,,,,,,,,,,,,,,,,
Suriname,SUR,"Listed domestic companies, total",CM.MKT.LDOM.NO,,,,,,,,,,,,,,,,,,,,,,,,,,,,,,,,,,,,,,,,,,,,,,,,,,,,,,,,,,,,,,,,
Slovak Republic,SVK,"Listed domestic companies, total",CM.MKT.LDOM.NO,,,,,,,,,,,,,,,,,,,,,,,,,,,,,,,,,,9,13,15,14,10,10,8,7,9,11,9,8,7,187,160,125,107,90,147,69,67,,,,,,,,,,
Slovenia,SVN,"Listed domestic companies, total",CM.MKT.LDOM.NO,,,,,,,,,,,,,,,,,,,,,,,,,,,,,,,,,,16,17,22,45,78,90,130,149,151,135,134,140,116,100,87,84,76,72,66,61,55,51,46,38,35,31,29,27,25,24,
Sweden,SWE,"Listed domestic companies, total",CM.MKT.LDOM.NO,,,,,,,,,,,,,,,,101,98,96,94,96,103,130,138,145,159,164,154,150,142,135,121,117,108,197,216,212,217,245,258,277,292,285,278,,,,,,,,,,,,,,,,,,,,,
Eswatini,SWZ,"Listed domestic companies, total",CM.MKT.LDOM.NO,,,,,,,,,,,,,,,,,,,,,,,,,,,,,,,,,,4,4,4,5,4,6,7,6,5,5,5,6,6,6,6,,,,,,,,,,,,,,,,
Sint Maarten (Dutch part),SXM,"Listed domestic companies, total",CM.MKT.LDOM.NO,,,,,,,,,,,,,,,,,,,,,,,,,,,,,,,,,,,,,,,,,,,,,,,,,,,,,,,,,,,,,,,,
Seychelles,SYC,"Listed domestic companies, total",CM.MKT.LDOM.NO,,,,,,,,,,,,,,,,,,,,,,,,,,,,,,,,,,,,,,,,,,,,,,,,,,,,,,1,2,3,8,22,26,33,40,47,46,
Syrian Arab Republic,SYR,"Listed domestic companies, total",CM.MKT.LDOM.NO,,,,,,,,,,,,,,,,,,,,,,,,,,,,,,,,,,,,,,,,,,,,,,,,,,,,,,,,,,,,,,,,
Turks and Caicos Islands,TCA,"Listed domestic companies, total",CM.MKT.LDOM.NO,,,,,,,,,,,,,,,,,,,,,,,,,,,,,,,,,,,,,,,,,,,,,,,,,,,,,,,,,,,,,,,,
Chad,TCD,"Listed domestic companies, total",CM.MKT.LDOM.NO,,,,,,,,,,,,,,,,,,,,,,,,,,,,,,,,,,,,,,,,,,,,,,,,,,,,,,,,,,,,,,,,
East Asia & Pacific (IDA & IBRD countries),TEA,"Listed domestic companies, total",CM.MKT.LDOM.NO,,,,,,,,,,,,,,,,,,,,,,,,,,,,,,,,,,,,1704,2061,2432,2563,2590,2776,2894,3049,3177,3364,3476,3551,3670,4082,4287,4867,5209,5379,5399,5563,5831,6102,6625,6822,16052,15737,15133,14780,
Europe & Central Asia (IDA & IBRD countries),TEC,"Listed domestic companies, total",CM.MKT.LDOM.NO,,,,,,,,,,,,,,,,,,,,,,,,,,,80,,,,,,,244,348,686,631,609,715,,756,1088,1075,1306,1504,1534,1700,2382,2557,2075,2514,2466,2239,2091,2305,2446,2342,1890,2092,2906,1949,1910,1949,
Togo,TGO,"Listed domestic companies, total",CM.MKT.LDOM.NO,,,,,,,,,,,,,,,,,,,,,,,,,,,,,,,,,,,,,,,,,,,,,,,,,,,,,,,,,,,,,,,,
Thailand,THA,"Listed domestic companies, total",CM.MKT.LDOM.NO,,,,,,,,,,,,,,,,,,,,,72,76,78,85,93,95,92,102,122,145,159,270,315,347,389,416,454,431,418,392,381,382,398,419,463,504,518,523,525,535,541,545,558,584,613,639,656,688,704,725,743,776,810,
Tajikistan,TJK,"Listed domestic companies, total",CM.MKT.LDOM.NO,,,,,,,,,,,,,,,,,,,,,,,,,,,,,,,,,,,,,,,,,,,,,,,,,,,,,,,,,,,,,,,,
Turkmenistan,TKM,"Listed domestic companies, total",CM.MKT.LDOM.NO,,,,,,,,,,,,,,,,,,,,,,,,,,,,,,,,,,,,,,,,,,,,,,,,,,,,,,,,,,,,,,,,
Latin America & the Caribbean (IDA & IBRD countries),TLA,"Listed domestic companies, total",CM.MKT.LDOM.NO,,,,,,,,,,,,,,,,,,,,,,,,,,,,,,1342,1585,1419,1423,1785,1836,1954,2013,1998,1889,1766,1604,1505,1373,1279,1248,1226,1206,1241,1234,1220,1260,1240,1220,1219,1232,1177,1171,1180,1163,1355,1375,1395,1280,
Timor-Leste,TLS,"Listed domestic companies, total",CM.MKT.LDOM.NO,,,,,,,,,,,,,,,,,,,,,,,,,,,,,,,,,,,,,,,,,,,,,,,,,,,,,,,,,,,,,,,,
Middle East & North Africa (IDA & IBRD countries),TMN,"Listed domestic companies, total",CM.MKT.LDOM.NO,,,,,,,,,,,,,,,,,,,,,,,,,,,,,,,,,,,,,,,,,,,,,,,,,,,,968,,,,958,963,936,,,1095,1112,1112,
Tonga,TON,"Listed domestic companies, total",CM.MKT.LDOM.NO,,,,,,,,,,,,,,,,,,,,,,,,,,,,,,,,,,,,,,,,,,,,,,,,,,,,,,,,,,,,,,,,
South Asia (IDA & IBRD),TSA,"Listed domestic companies, total",CM.MKT.LDOM.NO,,,,,,,,,,,,,,,,,,,,,,,,1151,1295,1529,1911,2095,2240,2407,2435,2556,2781,4256,5505,6582,7279,7165,7092,7139,7179,6905,5888,5888,5791,5836,5860,5963,6006,6012,6092,6438,6486,6614,6909,6672,6672,6483,7878,2855,3327,3464,3306,
Sub-Saharan Africa (IDA & IBRD countries),TSS,"Listed domestic companies, total",CM.MKT.LDOM.NO,,,,,,,,,,,,,,,,,,,,,,,,,,,,,,,,,,974,977,1020,1018,1004,1091,1059,,,,,745,734,772,,,,,,,,,,,,,,,,,
Trinidad and Tobago,TTO,"Listed domestic companies, total",CM.MKT.LDOM.NO,,,,,,,,,,,,,,,,,,,,,,,,,,,,,,,,,,,,,,,,,,26,,,,,,,,,,,,,,,,,,,,,,
Tunisia,TUN,"Listed domestic companies, total",CM.MKT.LDOM.NO,,,,,,,,,,,,,,,,,,,,,,,,,,,,,,,,,,,20,24,28,32,36,44,44,45,46,45,44,45,48,51,50,52,56,57,59,71,77,78,79,81,82,81,80,80,82,
Turkiye,TUR,"Listed domestic companies, total",CM.MKT.LDOM.NO,,,,,,,,,,,,,,,,,,,,,,,,,,,80,82,79,76,110,134,145,160,176,205,228,258,262,286,315,310,288,244,253,257,259,259,250,248,263,263,242,235,226,392,380,374,377,378,371,379,461,
Tuvalu,TUV,"Listed domestic companies, total",CM.MKT.LDOM.NO,,,,,,,,,,,,,,,,,,,,,,,,,,,,,,,,,,,,,,,,,,,,,,,,,,,,,,,,,,,,,,,,
Tanzania,TZA,"Listed domestic companies, total",CM.MKT.LDOM.NO,,,,,,,,,,,,,,,,,,,,,,,,,,,,,,,,,,,,,,,,3,4,4,,,,,,,,,,,,,,,,,,22,22,22,22,
Uganda,UGA,"Listed domestic companies, total",CM.MKT.LDOM.NO,,,,,,,,,,,,,,,,,,,,,,,,,,,,,,,,,,,,,,,,,,,,,,,,,,,,,,,,,,,,,,,,
Ukraine,UKR,"Listed domestic companies, total",CM.MKT.LDOM.NO,,,,,,,,,,,,,,,,,,,,,,,,,,,,,,,,,,,,,,,,,,,,,,,,,,,,,,,172,158,121,94,78,,,,,
Upper middle income,UMC,"Listed domestic companies, total",CM.MKT.LDOM.NO,,,,,,,,,,,,,,,,,,,,,,,,,,,,,,,,,,3105,3316,4099,4403,4612,4772,4673,4714,5065,5094,5251,5559,5614,5859,6434,6595,6207,7007,7052,6915,6779,6994,7395,7615,7715,8188,18316,17085,16440,16358,
Uruguay,URY,"Listed domestic companies, total",CM.MKT.LDOM.NO,,,,,,,,,,,,,,,,,,,,,,,,,,,,,,,,,,,,18,18,,18,17,,,,,,,,,,,,,,,,,,,,,,,,
United States,USA,"Listed domestic companies, total",CM.MKT.LDOM.NO,,,,,,,,,,,,,,,,2670,2680,2582,2489,2401,5164,5590,5430,6175,6230,6260,6580,7001,6795,6627,6429,6513,6562,6912,7255,7487,8090,7905,7499,7229,6917,6177,5685,5295,5226,5145,5133,5109,4666,4401,4279,4171,4102,4180,4369,4381,4331,4336,4013,3910,4104,4774,4642,
Uzbekistan,UZB,"Listed domestic companies, total",CM.MKT.LDOM.NO,,,,,,,,,,,,,,,,,,,,,,,,,,,,,,,,,,,,,,,,,,,,,,,,,,,,,,,,,,,,,,,,
St. Vincent and the Grenadines,VCT,"Listed domestic companies, total",CM.MKT.LDOM.NO,,,,,,,,,,,,,,,,,,,,,,,,,,,,,,,,,,,,,,,,,,,,,,,,,,,,,,,,,,,,,,,,
"Venezuela, RB",VEN,"Listed domestic companies, total",CM.MKT.LDOM.NO,,,,,,,,,,,,,,,,,,,,,,,,,,,,,,,118,150,139,157,155,86,154,158,73,70,66,63,57,54,52,51,55,59,62,62,55,41,41,39,37,,,,,,,,,
British Virgin Islands,VGB,"Listed domestic companies, total",CM.MKT.LDOM.NO,,,,,,,,,,,,,,,,,,,,,,,,,,,,,,,,,,,,,,,,,,,,,,,,,,,,,,,,,,,,,,,,
Virgin Islands (U.S.),VIR,"Listed domestic companies, total",CM.MKT.LDOM.NO,,,,,,,,,,,,,,,,,,,,,,,,,,,,,,,,,,,,,,,,,,,,,,,,,,,,,,,,,,,,,,,,
Viet Nam,VNM,"Listed domestic companies, total",CM.MKT.LDOM.NO,,,,,,,,,,,,,,,,,,,,,,,,,,,,,,,,,,,,,,,,,,,,,,,,,330,445,634,687,697,678,670,684,696,728,749,745,745,749,402,
Vanuatu,VUT,"Listed domestic companies, total",CM.MKT.LDOM.NO,,,,,,,,,,,,,,,,,,,,,,,,,,,,,,,,,,,,,,,,,,,,,,,,,,,,,,,,,,,,,,,,
World,WLD,"Listed domestic companies, total",CM.MKT.LDOM.NO,,,,,,,,,,,,,,,,14577,14152,13328,13712,14099,17273,17335,16968,18876,19829,20555,22094,23783,23634,23671,23732,24666,24947,28300,30290,33379,35617,36946,37928,38414,39892,40157,38894,41051,38724,39096,43104,44034,43949,42669,43427,44323,43772,44853,45743,43983,43806,43440,45050,49921,49839,51337,47926,
Samoa,WSM,"Listed domestic companies, total",CM.MKT.LDOM.NO,,,,,,,,,,,,,,,,,,,,,,,,,,,,,,,,,,,,,,,,,,,,,,,,,,,,,,,,,,,,,,,,
Kosovo,XKX,"Listed domestic companies, total",CM.MKT.LDOM.NO,,,,,,,,,,,,,,,,,,,,,,,,,,,,,,,,,,,,,,,,,,,,,,,,,,,,,,,,,,,,,,,,
"Yemen, Rep.",YEM,"Listed domestic companies, total",CM.MKT.LDOM.NO,,,,,,,,,,,,,,,,,,,,,,,,,,,,,,,,,,,,,,,,,,,,,,,,,,,,,,,,,,,,,,,,
South Africa,ZAF,"Listed domestic companies, total",CM.MKT.LDOM.NO,,,,,,,,,,,,,,,,577,545,547,507,491,481,475,470,464,470,462,536,734,754,736,740,698,642,615,600,612,599,615,650,652,604,510,429,390,369,348,359,374,367,353,352,347,338,322,322,316,303,294,289,274,264,252,237,
Zambia,ZMB,"Listed domestic companies, total",CM.MKT.LDOM.NO,,,,,,,,,,,,,,,,,,,,,,,,,,,,,,,,,,,,2,5,6,10,14,8,9,30,10,11,12,14,,,,,20,,,,,,,,,23,22,22,
Zimbabwe,ZWE,"Listed domestic companies, total",CM.MKT.LDOM.NO,,,,,,,,,,,,,,,,,,,,,,,,,,,,,,,,,,62,65,65,63,64,67,69,,,,,,,,,,,,,,,,,,,,,,,,
